ID salarié,Nom,Prénom,Adresse du domicile,Moyen de déplacement
59019,Colin,Audrey,"128 Rue du Port, 34000 Frontignan",Transports en commun
19841,Ledoux,Monique,"68 Rue du Port, 34970 Saint-Clément-de-Rivière",véhicule thermique/électrique
56482,Dumont,Michelle,"100 Av. de la Gare, 30900 Nîmes",véhicule thermique/électrique
21886,Toussaint,Judith,"53 Av. de la Gare, 34970 Lattes",Marche/running
81001,Bailly,Michelle,"74 Rue des Fleurs, 34970 Lattes",Marche/running
17757,Bazin,Margaret,"Av. de La Mer, 34470 Pérols",Vélo/Trottinette/Autres
17036,Jacques,Julien,"28 Rue du Port, 34140 Mèze",véhicule thermique/électrique
36913,Pons,Brigitte,"169 Rue Jean Jaures, 34730 Prades-le-Lez",Transports en commun
79006,Rousset,Jérome,"44 Rue Jean Jaures, 34730 Prades-le-Lez",véhicule thermique/électrique
62296,Chauvin,Zakaria,"31 Av. Grassion Cibrand, 34130 Mauguio",Vélo/Trottinette/Autres
90284,Chartier,Aurélie,"136 Rue des Grottes, 34130 Mauguio",véhicule thermique/électrique
83440,Maillard,Augustin,"38 Rue du Muscadet, 34090 Montpellier",Transports en commun
18246,Tessier,Francoise,"181 Av. de la Gare, 34970 Lattes",Vélo/Trottinette/Autres
33386,Neveu,Yves,"24 Rue de la Cadoule, 34740 Vendargues",véhicule thermique/électrique
19773,Fischer,Benoit,"110 Rue de la République, 34000 Montpellier",véhicule thermique/électrique
70643,Rodriguez,Antoine,"1037 Val des Sources, 34090 Montpellier",Vélo/Trottinette/Autres
25701,Foucher,Eugénie,"63 Rue du Marché, 34800 Clermont-l'Hérault",véhicule thermique/électrique
99514,Olivier,Léon,"1 Rue Gerhardt, 34000 Montpellier",Transports en commun
43124,Laole,Francoise,"121 Bis Rue des Carignans, 34790 Grabels",véhicule thermique/électrique
56632,Evrard,Claire,"70 Av. Jean Jaurès, 30900 Nîmes",véhicule thermique/électrique
28160,Humbert,Victor,"38 Plan des Arbousiers, 34970 Lattes",Vélo/Trottinette/Autres
15493,Devaux,Alice,"50 Boulevard de la Mer, 34880 La Grande-Motte",véhicule thermique/électrique
84233,Gauthier,Michelle,"Av. de la Mer, Montpellier",Vélo/Trottinette/Autres
17997,Dias,Mathilde,"9 Rue Four des Flammes, 34000 Montpellier",véhicule thermique/électrique
48589,Lopez,Robert,"45 Rue de la République, 34000 Montpellier",Vélo/Trottinette/Autres
76341,Joubert,Claudine,"57 Av. de la Liberté, 34070 Montpellier",Vélo/Trottinette/Autres
89943,Royer,Benjamin,"40 Rue du Pradas, 34470 Pérols",Marche/running
46253,Blin,Léa,"32 Trav. de la Brigantine, 34970 Lattes",véhicule thermique/électrique
17376,Rey,Diane,"1932 Ham. de Rabejac, 34700 Le Puech",véhicule thermique/électrique
22426,Poirier,Gabriel,"103 Av. de la Plage, 34450 Vias",véhicule thermique/électrique
34413,Aubert,Brigitte,"367 Av. Marcel Pagnol, 34470 Pérols",Marche/running
44472,Lemaire,Maurice,"94 Rue Jean Jaurès, 34740 Vendargues",véhicule thermique/électrique
97309,Roussel,Charles,"51 Av. de La Mer, 34470 Pérols",véhicule thermique/électrique
39874,Rossi,Claire,"87 Rue du Marché, 34400 Lunel",véhicule thermique/électrique
92736,Lagarde,Alain,"187 Chem. de la Draye du Marbre, 34170 Castelnau-le-Lez",Vélo/Trottinette/Autres
43015,Mendes,Juliette,"199-97 Av. du Pichagret, 34980 Saint-Gély-du-Fesc",véhicule thermique/électrique
71502,Louis,Mégane,455 route de mendes 34000 Montpellier,Vélo/Trottinette/Autres
16872,Toussaint,Francoise,"10 Av. Maréchal Leclerc, 34280 La Grande-Motte",Vélo/Trottinette/Autres
76771,Munoz,Andréa,"Pl. de la Liberté, 34430 Saint-Jean-de-Védas",véhicule thermique/électrique
50408,Bonneau,Monique,"118 Imp. des Vignes, 34470 Pérols",Marche/running
49804,Carlier,Constance,"200 Rue du Stade, 34830 Clapiers",véhicule thermique/électrique
20083,Jacquot,Marcel,"13 Bd de la Liberté, 34500 Béziers",véhicule thermique/électrique
37866,Gautier,Marine,"4 Av. de la Paix, 34690 Fabrègues",Transports en commun
71190,Vallet,Andre,"68 Rue du N, 34920 Le Crès",Vélo/Trottinette/Autres
57202,Martel,Louis,"8 Rue Achille Bege, 34090 Montpellier",Transports en commun
27620,Hebert,William,"18 Rue des Vignes, 34970 Lattes",Vélo/Trottinette/Autres
36981,Schmitt,Jules,"47 Av. de la Gare, 34970 Lattes",Marche/running
89328,Lambert,Denise,"8 Rue de la Vieille, 34000 Montpellier",Vélo/Trottinette/Autres
50309,Lacroix,Olivie,"76 Av. de la Plage, 34410 Sérignan",véhicule thermique/électrique
32690,Hamon,Paul,"84 Rue du Port, 34470 Pérols",Vélo/Trottinette/Autres
43861,Klein,Christine,"87 Av. de la Plage, 34450 Vias",véhicule thermique/électrique
17027,Boyer,Julie,"Pl. Jean Jaurès, 34000 Montpellier",Vélo/Trottinette/Autres
99401,Pons,Yves,"20 Av. de la Paix, 34690 Fabrègues",véhicule thermique/électrique
86847,Arnaud,Jeremy,"139 Av. des Pins, 34150 Gignac",véhicule thermique/électrique
58045,Provost,Elodie,"112 Chem. des Pins, 34170 Castelnau-le-Lez",Vélo/Trottinette/Autres
53673,Ferrand,Julien,"129 Av. de la Liberté, 34070 Montpellier",Vélo/Trottinette/Autres
13064,Thibault,Henriette,"3 Rue de la République, 34770 Gigean",véhicule thermique/électrique
18918,Michaud,Naomie,"21 Av. du Port, 34540 Balaruc-les-Bains",véhicule thermique/électrique
51328,Albert,Adèle,"22 Rue de la Paix, 34130 Mauguio",Vélo/Trottinette/Autres
86633,Rodriguez,Léon,"140 All. des Vignes, 34280 La Grande-Motte",véhicule thermique/électrique
29200,Gosselin,Joseph,"21 All. Martine Carol, 34070 Montpellier",Transports en commun
43542,Pendragon,Arthur,"18 Rue des Arbousiers, 34230 Bélarga",véhicule thermique/électrique
64886,De Oliveira,Nath,"4 Pl. des Écoles, 34970 Lattes",Marche/running
45140,Henry,Roger,"84 Rue des Écoles, 34980 Saint-Clément-de-Rivière",Vélo/Trottinette/Autres
44927,Fischer,Hugues,"143 Rue des Sansouïres, 34970 Lattes",Vélo/Trottinette/Autres
79837,Muller,Alphonse,"11 Lot. Mas de Combes, 34230 Popian",véhicule thermique/électrique
76903,Lemaire,Victor,"260 Chem. du Pompage, 34800 Canet",véhicule thermique/électrique
30351,Samson,Julien,"21 Rue de la Liberté, 34700 Soumont",véhicule thermique/électrique
20697,Cousin,Antoine,"12 Rue William et Catherine Booth, 34070 Montpellier",véhicule thermique/électrique
37830,Toussaint,Alexandre,"18 Rue des Agapanthes, 34470 Pérols",Transports en commun
34678,Mendes,Astrid,"32 Av. Jean - Louis Etienne, 34740 Vendargues",véhicule thermique/électrique
54625,Paul,Christiane,"26 Bd de la Liberté, 34830 Clapiers",Vélo/Trottinette/Autres
70575,Munoz,Charlene,"138 Rue de la République, 30600 Vauvert",véhicule thermique/électrique
66882,Leleu,Guillaume,"3 Rue Tadorne, 34140 Mèze",véhicule thermique/électrique
35719,Navarro,Alain,"81 Av. du Général Leclerc, 34470 Pérols",Transports en commun
28529,Lefort,Thibaut,"100 Bd Victor Hugo, 34000 Montpellier",Vélo/Trottinette/Autres
60358,Lesage,Mathilde,"15 Rue de la République, 34000 Montpellier",Vélo/Trottinette/Autres
50504,Fabre,Christiane,"10 Rue du Marché aux Raisins, 34750 Villeneuve-lès-Maguelone",Vélo/Trottinette/Autres
56530,Morin,Francis,"124 Rue des Écoles, 34540 Balaruc-les-Bains",Transports en commun
45221,Georges,Bernard,"215 Rue Alphonse Allais, 34070 Montpellier",Vélo/Trottinette/Autres
86948,Boutin,Philippine,"85 Av. de la Paix, 34690 Fabrègues",Vélo/Trottinette/Autres
34899,Besson,Hugues,"Pl. de la Liberté, 34470 Pérols",Marche/running
36827,Devaux,Audrey,"Pl. du Marché, 34250 Palavas-les-Flots",Vélo/Trottinette/Autres
66425,Jourdan,Thomas,"111 Rue du Ctre, 34160 Saint-Drézéry",véhicule thermique/électrique
77789,Bourgeois,Benjamin,"176 Bd de la Liberté, 34830 Clapiers",véhicule thermique/électrique
46158,Marchand,Martin,"44 Av. de la Paix, 34690 Fabrègues",Vélo/Trottinette/Autres
34382,Payet,Capucine,"151 Bd Victor Hugo, 34000 Montpellier",Transports en commun
60141,Colin,Iris,"17 Rue du Ctre, 34160 Saint-Drézéry",véhicule thermique/électrique
68454,Ribeiro,Catherine,"121 Rue du Marché, 34800 Clermont-l'Hérault",véhicule thermique/électrique
45725,Boulanger,Henri,"28 Rue Anatole France, 34120 Pézenas",véhicule thermique/électrique
67121,Pasquier,Claudine,"Bd des Sports, 34000 Montpellier",Vélo/Trottinette/Autres
76076,Moreno,André,"141 Rue de la Plage, 34130 Mauguio",Vélo/Trottinette/Autres
60437,Delattre,Danielle,"328 All. de l'Iliade, 34280 La Grande-Motte",véhicule thermique/électrique
33872,Poirier,Laure,"162 Av. de la Paix, 34290 Montblanc",véhicule thermique/électrique
23842,Schneider,Jules,"79 Rue des Écoles, 34920 Le Crès",Transports en commun
66386,Lacroix,Susanne,"189 Pl. des Écoles, 34970 Lattes",Marche/running
75791,Olivier,Caroline,"Rue des Écoles, 34120 Lézignan-la-Cèbe",véhicule thermique/électrique
55153,Delmas,Colette,"178 Rue de la Lucques, 34150 Aniane",véhicule thermique/électrique
91916,Legrand,Margaud,"72 Rue des Pins, 34470 Pérols",Vélo/Trottinette/Autres
50316,Roux,Juliette,"36 Bis Rue Paul Verlaine, 34130 Mauguio",véhicule thermique/électrique
49419,Bernard,Denise,"13 Bd des Sports, 34000 Montpellier",Vélo/Trottinette/Autres
30945,Grenier,Hugues,"90 Av. de la Liberté, 34070 Montpellier",Vélo/Trottinette/Autres
29793,Chauvin,Marine,"121 Bd des Sports, 34000 Montpellier",Transports en commun
41293,Marchand,Sabine,"6 Rue des Bougainvilliers, 34970 Lattes",Vélo/Trottinette/Autres
96902,Durand,Nicole,"19 Rue de l'Église, 34250 Palavas-les-Flots",Vélo/Trottinette/Autres
42472,Devaux,Charles,"103 Rue Joseph Guerre, 34070 Montpellier",Transports en commun
69938,Guillou,Valérie,"7 Rue Alphonse Daudet, 34470 Pérols",Vélo/Trottinette/Autres
70933,Leconte,Sébastien,"13 Rue du Marché, 34560 Montbazin",véhicule thermique/électrique
46903,Leleu,Luc,"57 Av. des Pins, 34130 Valergues",Vélo/Trottinette/Autres
93699,Klein,Dominique,"103 All. des Pins, 34170 Castelnau-le-Lez",Transports en commun
78962,Perrot,Margot,"20 Rue de la Petite Calade, 34660 Cournonterral",véhicule thermique/électrique
90813,Baudry,Gilles,"88 Av. de la Liberté, 34070 Montpellier",Vélo/Trottinette/Autres
31222,Gonzalez,Luc,"1 Rue du Stade, 34820 Teyran",véhicule thermique/électrique
12497,Fontaine,Gabriel,"Rue du N, 34920 Le Crès",Vélo/Trottinette/Autres
90207,Wagner,Andréa,"Av. de la Gare, 34540 Balaruc-les-Bains",véhicule thermique/électrique
48260,Maillet,Théodore,"Rue Rosset, 34000 Montpellier",Transports en commun
46304,Pichon,Benjamin,"50 Rue du Port, 34280 La Grande-Motte",véhicule thermique/électrique
73367,Verdier,Simon,"485 Anc. Chem. du Moulin, 34270 Les Matelles",véhicule thermique/électrique
42328,Da Costa,Alain,"97 Rte de la Mer, 34400 Lunel",véhicule thermique/électrique
59804,Morin,Aurélien,"13 Bis Rue des Anémones, 34000 Montpellier",Transports en commun
84603,Jean,Marcelle,"222 Rue Georges Bizet, 34130 Mauguio",Vélo/Trottinette/Autres
57589,Petitjean,Aurélie,"75 Rue des Écoles, 34980 Saint-Clément-de-Rivière",véhicule thermique/électrique
92368,Torres,Emmanuelle,"Pl. de la Liberté, 34470 Pérols",Vélo/Trottinette/Autres
20157,Menard,Damien,"6 Pl. de la République, 34700 Lodève",véhicule thermique/électrique
49571,Meyer,Alfred,"40 Rue Jean Jaurès, 34590 Marsillargues",véhicule thermique/électrique
41377,Faure,Emmanuelle,"Rue du Ctre, 34160 Saint-Drézéry",véhicule thermique/électrique
22092,Gilbert,Lucas,"77 Bd des Écoles, 34750 Villeneuve-lès-Maguelone",Vélo/Trottinette/Autres
20377,Boutin,Génée,"140 Rue du Stade, 30920 Codognan",véhicule thermique/électrique
29456,Gosselin,Capucine,"2 Rue Palladio, 34970 Lattes",Vélo/Trottinette/Autres
88193,Gomez,Daniel,"194 Rue des Amours d'Antan, 34980 Saint-Gély-du-Fesc",véhicule thermique/électrique
60948,Guillot,Gégoire,"40 Pl. des Écoles, 34970 Lattes",Marche/running
92440,Lacroix,Sébastien,"369 Chem. du Thym, 34170 Castelnau-le-Lez",Transports en commun
86486,Marchand,Emmanuel,"3 All. des Cévennes, 34630 Saint-Thibéry",véhicule thermique/électrique
56263,Hernandez,William,"246 Rue du Boulidou, 34980 Saint-Clément-de-Rivière",véhicule thermique/électrique
59040,Lefebvre,William,"9 Rue du Lierre, 34850 Pinet",véhicule thermique/électrique
29450,Lambert,Julie,"36 Rue de la Condamine, 34970 Lattes",véhicule thermique/électrique
74171,Grondin,Bertrand,"49 Pl. du Marché, 34250 Palavas-les-Flots",Vélo/Trottinette/Autres
31453,Renard,Bertrand,"6 Av. des Pins, 34570 Montarnaud",véhicule thermique/électrique
53944,Lebon,Nath,"58 Bd Ernest Renan, 34000 Montpellier",Vélo/Trottinette/Autres
27483,Raymond,Juliette,"Rue du Ctre, 34160 Saint-Drézéry",véhicule thermique/électrique
48154,Gosselin,Simone,"Rue des Vignes, 34070 Montpellier",Vélo/Trottinette/Autres
79919,Dupré,Alain,"229 Rue Albert Camus, 34660 Cournonterral",véhicule thermique/électrique
71657,Delattre,Joseph,"17 Av. de la Gare, 34770 Gigean",véhicule thermique/électrique
34922,Da Silva,Claire,"61 Rue Jean Jaurès, 34200 Sète",véhicule thermique/électrique
42234,Benard,Anais,"5 Rue des Ecoles, 34830 Clapiers",Transports en commun
96558,Munoz,Suzanne,"179 Chem. de la Rocheuse, 34170 Castelnau-le-Lez",véhicule thermique/électrique
86692,Hernandez,Marie,"90 Av. de la Plage, 34450 Vias",véhicule thermique/électrique
50866,Techer,Roger,"16 Rue des Roses, 34970 Lattes",Marche/running
35731,Morvan,Laurence,"46 Rue des Écoles, 34470 Pérols",Vélo/Trottinette/Autres
51866,Carre,Marguerite,"30 Rue des Vignes, 34970 Lattes",Marche/running
19260,Marchand,René,"1 Rue de la Paix, 34130 Saint-Aunès",Transports en commun
82858,Colas,Nathalie,"125 Rue du Port, 34280 La Grande-Motte",Vélo/Trottinette/Autres
50955,Godard,Margaud,"99 Rue du N, 34920 Le Crès",Vélo/Trottinette/Autres
43965,Tanguy,TimothÃ©e,"100 Av. de la Gare, 34970 Lattes",Marche/running
42960,Normand,Michel,"17 Rue Maguelone, 34250 Palavas-les-Flots",Vélo/Trottinette/Autres
13780,Renard,Sylvain,"56 Imp. Robespierre, 34130 Mauguio",Vélo/Trottinette/Autres
18941,Guillou,Gilles,"68 Bd des Écoles, 34750 Villeneuve-lès-Maguelone",Vélo/Trottinette/Autres
81676,Breton,Jeannine,"27 Av. du Général Leclerc, 34470 Pérols",Marche/running
27069,Delahaye,Philippe,"59 Chem. des Pins, 34170 Castelnau-le-Lez",véhicule thermique/électrique
30256,Dumas,Odette,"2 Rue du Nord, 34920 Le Crès",véhicule thermique/électrique
94680,Pineau,Henri,"5 Av. de la Liberté, 34070 Montpellier",Vélo/Trottinette/Autres
